,Country,2015
0,B1,0.4619426173007891
1,B2,0.46217360347834746
2,B3,0.46152188884173234
